{
	"AcceptGifts": false,
	"AutoSteamSaleEvent": false,
	"BotBehaviour": 0,
	"CustomGamePlayedWhileFarming": null,
	"CustomGamePlayedWhileIdle": null,
	"Enabled": false,
	"FarmingOrders": [],
	"GamesPlayedWhileIdle": [],
	"HandleOfflineMessages": false,
	"HoursUntilCardDrops": 3,
	"IdlePriorityQueueOnly": false,
	"IdleRefundableGames": true,
	"LootableTypes": [
		1,
		3,
		5
	],
	"MatchableTypes": [
		5
	],
	"OnlineStatus": 1,
	"PasswordFormat": 0,
	"Paused": false,
	"RedeemingPreferences": 0,
	"SendOnFarmingFinished": false,
	"SendTradePeriod": 0,
	"ShutdownOnFarmingFinished": false,
	"SteamLogin": null,
	"SteamMasterClanID": 0,
	"SteamParentalPIN": "0",
	"SteamPassword": null,
	"SteamTradeToken": null,
	"SteamUserPermissions": {},
	"TradingPreferences": 0,
	"UseLoginKeys": true
}